id_aparcamiento,variacion_diaria,variacion_semanal
1,73.1,73.1
2,73.0,73.0
3,73.1,73.1
4,72.0,72.0
5,76.0,76.0
6,72.9,72.9
7,74.19999999999999,74.19999999999999
8,75.1,75.1
9,76.10000000000001,76.10000000000001
10,73.0,73.0
11,74.80000000000001,74.80000000000001
12,73.0,73.0
13,74.19999999999999,74.19999999999999
14,74.19999999999999,74.19999999999999
15,76.19999999999999,76.19999999999999
