,aparcamiento_id,variacion_diaria,variacion_semanal
0,1,73.1,73.1
1,2,73.0,73.0
2,3,73.1,73.1
3,4,72.0,72.0
4,5,76.0,76.0
5,6,72.9,72.9
6,7,74.19999999999999,74.19999999999999
7,8,75.1,75.1
8,9,76.10000000000001,76.10000000000001
9,10,73.0,73.0
10,11,74.80000000000001,74.80000000000001
11,12,73.0,73.0
12,13,74.19999999999999,74.19999999999999
13,14,74.19999999999999,74.19999999999999
14,15,76.19999999999999,76.19999999999999
